{
  "drive": {
    "p": 0.000235,
    "i": 0.00000023,
    "d": 0,
    "f": 0,
    "iz": 0
  },
  "angle": {
    "p": 0.0045,
    "i": 0,
    "d": 0,
    "f": 0,
    "iz": 0
  }
}